quarter,percent_change,riders
Winter 2017,0.0,42850
Spring 2017,38.51341890315052,59353
Summer 2017,70.34522265091907,101105
Fall 2017,-9.381336234607584,91620
